16165.0,151110.0,163047.0,345.0,5484.0,156594.0,163047.0,2712.0,81380.0,41052.0,93710.0,112572.0,14818.0,18287.0,54974.0,24078.0,31226.0,177469.0,66554.0,76152.0,1450775.0
14756.0,142943.0,154235.0,322.0,4846.0,147789.0,154235.0,2534.0,81471.0,38983.0,91541.0,108726.0,13676.0,16331.0,50637.0,21928.0,29062.0,161349.0,60072.0,71726.0,1367162.0
13891.0,139773.0,150815.0,310.0,4649.0,144438.0,150815.0,2423.0,80596.0,37520.0,86390.0,101109.0,13083.0,15010.0,47926.0,21352.0,27701.0,155954.0,57820.0,68679.0,1320255.0
13629.0,137593.0,148463.0,310.0,4505.0,142099.0,148463.0,2452.0,80295.0,36488.0,83255.0,96610.0,13077.0,14231.0,47384.0,21154.0,27310.0,154191.0,55265.0,68638.0,1295413.0
13788.0,140533.0,151635.0,316.0,4765.0,145298.0,151635.0,2546.0,79951.0,37250.0,86205.0,100281.0,13282.0,14647.0,47910.0,20982.0,27775.0,155666.0,56526.0,69751.0,1320742.0
14752.0,148146.0,159849.0,336.0,5249.0,153395.0,159849.0,2812.0,79139.0,39991.0,90612.0,106508.0,14520.0,16044.0,49518.0,21713.0,29875.0,168068.0,61655.0,75177.0,1397212.0
16882.0,164673.0,177683.0,412.0,6456.0,171130.0,177683.0,3174.0,76952.0,44112.0,105661.0,125057.0,17743.0,18848.0,57463.0,24975.0,33242.0,197963.0,73134.0,87423.0,1580666.0
17808.0,177566.0,191594.0,461.0,6759.0,184325.0,191594.0,3316.0,75066.0,48304.0,119435.0,138041.0,19183.0,20230.0,61153.0,27534.0,34410.0,210120.0,76755.0,93082.0,1696736.0
18605.0,185307.0,199947.0,467.0,6843.0,192151.0,199947.0,3442.0,72975.0,49564.0,125138.0,144625.0,19037.0,20862.0,64008.0,29627.0,35374.0,218572.0,78393.0,94415.0,1759300.0
20149.0,195229.0,210653.0,481.0,7438.0,202667.0,210653.0,3721.0,69163.0,51859.0,137399.0,163344.0,19864.0,23333.0,68335.0,32328.0,37727.0,234786.0,82066.0,98783.0,1869980.0
22113.0,205548.0,221787.0,490.0,8169.0,213717.0,221787.0,4013.0,66855.0,53046.0,142796.0,171685.0,20842.0,25458.0,74284.0,36388.0,40435.0,260078.0,92615.0,103061.0,1985167.0
24305.0,216481.0,233584.0,503.0,9107.0,225588.0,233584.0,4342.0,65150.0,54478.0,151869.0,186444.0,22234.0,27998.0,81245.0,38979.0,42261.0,277854.0,100053.0,108136.0,2104197.0
25508.0,221094.0,238561.0,505.0,9659.0,230752.0,238561.0,4612.0,62574.0,55011.0,152773.0,189690.0,22585.0,29539.0,83350.0,40344.0,44701.0,287602.0,104474.0,112445.0,2154340.0
26831.0,226615.0,244518.0,510.0,10142.0,236756.0,244518.0,4846.0,56096.0,55444.0,164244.0,206301.0,23493.0,30719.0,86610.0,43391.0,47229.0,307602.0,112608.0,116496.0,2244967.0
28089.0,231241.0,249510.0,504.0,10668.0,241910.0,249510.0,4650.0,49463.0,55819.0,161609.0,202311.0,22642.0,30340.0,87155.0,42819.0,47155.0,304783.0,110989.0,110208.0,2241377.0
29973.0,233659.0,252119.0,520.0,10992.0,244651.0,252119.0,4986.0,44314.0,56425.0,169087.0,215496.0,23058.0,31661.0,89695.0,44982.0,48784.0,315348.0,116090.0,114049.0,2298007.0
30321.0,237775.0,256560.0,547.0,11747.0,249522.0,256560.0,5003.0,44069.0,57199.0,168315.0,218106.0,23787.0,33279.0,89914.0,46753.0,50014.0,327071.0,121175.0,112846.0,2340562.0
31031.0,239012.0,257895.0,579.0,12303.0,251315.0,257895.0,5234.0,45523.0,56920.0,171134.0,224478.0,24469.0,34297.0,91212.0,48711.0,51082.0,337947.0,125894.0,118660.0,2385589.0
31890.0,236141.0,254797.0,582.0,12740.0,248881.0,254797.0,5187.0,52936.0,57606.0,173838.0,227976.0,25784.0,36328.0,96950.0,49871.0,51059.0,352525.0,131060.0,121332.0,2422280.0
31333.0,231889.0,250209.0,591.0,12429.0,244318.0,250209.0,5100.0,62928.0,58065.0,165999.0,215128.0,25368.0,35385.0,94607.0,49139.0,50668.0,349452.0,129238.0,119228.0,2381285.0
27613.0,224521.0,242258.0,581.0,11739.0,236259.0,242258.0,4941.0,71301.0,55144.0,157104.0,201898.0,23950.0,31446.0,83754.0,44091.0,44657.0,323300.0,113765.0,117226.0,2257806.0
24839.0,210558.0,227192.0,556.0,10475.0,221032.0,227192.0,4522.0,75201.0,52688.0,145405.0,185738.0,22765.0,29139.0,77049.0,39790.0,42507.0,294848.0,106543.0,112006.0,2110045.0
22432.0,191744.0,206893.0,489.0,8865.0,200609.0,206893.0,3819.0,76251.0,48596.0,125953.0,158395.0,20661.0,25778.0,72772.0,35508.0,38192.0,260241.0,94667.0,100350.0,1899107.0
19215.0,171758.0,185327.0,420.0,7160.0,178918.0,185327.0,3231.0,77010.0,44414.0,113487.0,140268.0,17955.0,21420.0,63355.0,30527.0,35392.0,223147.0,82450.0,87981.0,1688765.0
17261.0,158378.0,170890.0,367.0,5977.0,164355.0,170890.0,2842.0,77634.0,41464.0,100402.0,120869.0,15693.0,18281.0,58014.0,27713.0,32762.0,200769.0,70987.0,79654.0,1535200.0
15725.0,152939.0,165022.0,344.0,5529.0,158468.0,165022.0,2719.0,78275.0,39288.0,95363.0,112998.0,14457.0,16414.0,53474.0,25217.0,29872.0,182212.0,64133.0,76204.0,1453675.0
14712.0,146422.0,157990.0,335.0,5035.0,151474.0,157990.0,2593.0,78120.0,38629.0,92561.0,108680.0,13986.0,15704.0,50338.0,23604.0,29014.0,170297.0,59649.0,72255.0,1389384.0
13951.0,145303.0,156783.0,319.0,4965.0,150268.0,156783.0,2533.0,77752.0,37498.0,88620.0,103107.0,13374.0,14838.0,48209.0,22428.0,27894.0,162736.0,56538.0,70526.0,1354427.0
13888.0,145273.0,156750.0,323.0,5025.0,150299.0,156750.0,2573.0,75464.0,38150.0,89684.0,104214.0,13592.0,15230.0,47920.0,22818.0,28428.0,167605.0,56475.0,70921.0,1361383.0
15063.0,149866.0,161706.0,351.0,5339.0,155206.0,161706.0,2947.0,71321.0,40744.0,95518.0,112437.0,15056.0,16596.0,50619.0,23994.0,30165.0,182544.0,63128.0,78056.0,1432363.0
17335.0,167832.0,181091.0,423.0,6649.0,174481.0,181091.0,3283.0,66634.0,43962.0,110230.0,130834.0,18133.0,18971.0,58750.0,27060.0,33991.0,210427.0,76193.0,89632.0,1617001.0
18459.0,180440.0,194695.0,461.0,6969.0,187410.0,194695.0,3407.0,63667.0,47465.0,122152.0,141817.0,19360.0,19823.0,63077.0,29201.0,35006.0,219292.0,78293.0,95018.0,1720708.0
19309.0,186781.0,201537.0,474.0,6954.0,193734.0,201537.0,3521.0,62908.0,49468.0,128051.0,148629.0,19559.0,20796.0,65175.0,31024.0,35883.0,226445.0,80279.0,96626.0,1778688.0
20991.0,196763.0,212308.0,485.0,7533.0,204296.0,212308.0,3684.0,61561.0,51789.0,134362.0,158620.0,20073.0,23308.0,69807.0,33984.0,37673.0,243398.0,86328.0,98854.0,1878127.0
22676.0,207735.0,224147.0,501.0,8327.0,216062.0,224147.0,3969.0,59339.0,53038.0,142555.0,171242.0,21449.0,25481.0,74596.0,36376.0,40438.0,260712.0,92974.0,103163.0,1988926.0
24351.0,212814.0,229626.0,498.0,8777.0,221591.0,229626.0,4295.0,57339.0,53512.0,143846.0,173808.0,21658.0,27012.0,79729.0,38825.0,41972.0,277609.0,100084.0,108144.0,2055116.0
25558.0,217129.0,234283.0,506.0,9304.0,226433.0,234283.0,4461.0,54048.0,53334.0,156746.0,195451.0,22434.0,27373.0,81682.0,40325.0,44424.0,287664.0,104236.0,110060.0,2129734.0
27030.0,222204.0,239758.0,510.0,9770.0,231974.0,239758.0,4698.0,47708.0,54555.0,159254.0,197698.0,23440.0,29478.0,85285.0,41828.0,45937.0,298371.0,112535.0,113866.0,2185658.0
27395.0,226799.0,244717.0,506.0,10291.0,237091.0,244717.0,4965.0,43981.0,55715.0,165649.0,208278.0,22573.0,30155.0,83561.0,42816.0,45933.0,304813.0,107168.0,116366.0,2223490.0
27561.0,233596.0,252051.0,514.0,11021.0,244617.0,252051.0,5194.0,43752.0,55772.0,168189.0,214036.0,22583.0,30869.0,82396.0,43745.0,46610.0,308512.0,109451.0,118500.0,2271021.0
29810.0,237531.0,256296.0,533.0,11786.0,249316.0,256296.0,5342.0,41056.0,55983.0,172581.0,225378.0,22749.0,31401.0,86996.0,47029.0,47923.0,329109.0,117868.0,119330.0,2344312.0
31382.0,238227.0,257048.0,575.0,12312.0,250539.0,257048.0,5485.0,42225.0,55151.0,170326.0,223375.0,23839.0,31245.0,90522.0,47114.0,49745.0,328620.0,125537.0,123145.0,2363462.0
30356.0,239205.0,258103.0,585.0,13093.0,252298.0,258103.0,5437.0,52704.0,55088.0,172870.0,226340.0,25757.0,32926.0,91428.0,49527.0,48364.0,349630.0,130465.0,126270.0,2418548.0
29547.0,231377.0,249656.0,583.0,12431.0,243807.0,249656.0,5310.0,61452.0,55006.0,165013.0,213456.0,25276.0,31863.0,88688.0,47435.0,47952.0,338582.0,124378.0,123594.0,2345062.0
28494.0,216607.0,233719.0,587.0,11085.0,227692.0,233719.0,5145.0,69231.0,54120.0,161503.0,208309.0,24602.0,30146.0,86197.0,42404.0,45227.0,312511.0,117247.0,121960.0,2230505.0
25665.0,206215.0,222507.0,555.0,10195.0,216410.0,222507.0,4620.0,74347.0,51623.0,145416.0,185710.0,22835.0,27876.0,79208.0,38286.0,43191.0,285535.0,109810.0,114206.0,2086718.0
22490.0,187807.0,202644.0,487.0,8575.0,196382.0,202644.0,4037.0,77378.0,47605.0,129880.0,164183.0,20754.0,24648.0,72658.0,34294.0,38938.0,252829.0,94547.0,104648.0,1887428.0
19222.0,168264.0,181557.0,420.0,6900.0,175164.0,181557.0,3319.0,79279.0,43522.0,109415.0,134696.0,17984.0,20476.0,63296.0,29371.0,33924.0,215893.0,79474.0,89869.0,1653601.0
16767.0,152709.0,164774.0,369.0,5534.0,158244.0,164774.0,3014.0,80605.0,40542.0,96904.0,116340.0,15756.0,17530.0,56382.0,25759.0,31507.0,188627.0,68731.0,82967.0,1487837.0
15770.0,144810.0,156250.0,345.0,4910.0,149721.0,156250.0,2707.0,81459.0,39284.0,86683.0,101599.0,14455.0,16254.0,53625.0,22766.0,29375.0,166928.0,61971.0,76118.0,1381281.0
14720.0,139244.0,150244.0,330.0,4507.0,143765.0,150244.0,2646.0,81596.0,36883.0,84222.0,97772.0,13752.0,14472.0,50533.0,21365.0,27965.0,156428.0,57736.0,73349.0,1321774.0
14332.0,136659.0,147455.0,328.0,4372.0,141032.0,147455.0,2587.0,81810.0,36820.0,83381.0,96407.0,13648.0,14207.0,49657.0,20568.0,27008.0,151165.0,56641.0,71520.0,1297051.0
14183.0,139255.0,150257.0,329.0,4643.0,143899.0,150257.0,2699.0,80978.0,37627.0,84265.0,97252.0,13756.0,14641.0,49102.0,20929.0,27925.0,155699.0,57803.0,73449.0,1318950.0
15365.0,148110.0,159811.0,352.0,5266.0,153377.0,159811.0,2913.0,78556.0,39471.0,88925.0,103910.0,15057.0,15607.0,51619.0,22209.0,30168.0,171551.0,64052.0,77654.0,1403782.0
17473.0,164482.0,177477.0,425.0,6491.0,170973.0,177477.0,3233.0,74771.0,42750.0,105285.0,124679.0,18067.0,17976.0,58716.0,25303.0,33983.0,200459.0,75434.0,88844.0,1584299.0
18433.0,178589.0,192698.0,466.0,6901.0,185491.0,192698.0,3394.0,72003.0,48000.0,119039.0,137959.0,19595.0,19784.0,62900.0,28623.0,35173.0,215686.0,78243.0,94701.0,1710376.0
18974.0,186644.0,201389.0,476.0,7041.0,193684.0,201389.0,3543.0,70901.0,49287.0,124997.0,144334.0,19412.0,20123.0,65118.0,31032.0,36020.0,226280.0,78222.0,96485.0,1775349.0
20579.0,194741.0,210126.0,492.0,7486.0,202227.0,210126.0,3777.0,69376.0,51719.0,134265.0,158408.0,20216.0,22617.0,69934.0,34070.0,37893.0,243615.0,86292.0,100226.0,1878186.0
22638.0,202648.0,218658.0,509.0,7985.0,210632.0,218658.0,4085.0,68644.0,52762.0,142865.0,171703.0,21625.0,24606.0,76165.0,36476.0,40681.0,260221.0,95484.0,104846.0,1981889.0
24404.0,209948.0,226534.0,512.0,8613.0,218560.0,226534.0,4246.0,67212.0,55020.0,148246.0,180442.0,22292.0,27889.0,81406.0,40190.0,43091.0,284047.0,103272.0,106285.0,2078743.0
26332.0,220858.0,238307.0,517.0,9683.0,230541.0,238307.0,4614.0,62682.0,55408.0,157257.0,196249.0,23138.0,29455.0,85721.0,41912.0,45636.0,295489.0,107824.0,112217.0,2182147.0
27021.0,222300.0,239862.0,510.0,9820.0,232119.0,239862.0,4725.0,55596.0,55973.0,160063.0,198952.0,23025.0,30784.0,87032.0,43653.0,46176.0,307551.0,112605.0,113667.0,2211296.0
27408.0,226476.0,244368.0,491.0,10311.0,236787.0,244368.0,4877.0,49877.0,56932.0,166054.0,208997.0,21424.0,31422.0,85608.0,44652.0,47165.0,313554.0,111178.0,114083.0,2246030.0
28266.0,229025.0,247119.0,500.0,10675.0,239700.0,247119.0,5100.0,48510.0,55258.0,168350.0,214560.0,21717.0,29990.0,85671.0,44122.0,46819.0,308507.0,109437.0,115855.0,2256299.0
28629.0,233097.0,251512.0,530.0,11416.0,244513.0,251512.0,5104.0,49295.0,55399.0,167795.0,217785.0,22679.0,30500.0,85382.0,44314.0,45906.0,311970.0,110249.0,113990.0,2281576.0
27518.0,237289.0,256035.0,563.0,12225.0,249514.0,256035.0,5325.0,54469.0,56062.0,165351.0,215615.0,23258.0,32172.0,81741.0,45875.0,45699.0,319156.0,113783.0,119500.0,2317186.0
29116.0,234165.0,252665.0,573.0,12531.0,246696.0,252665.0,5279.0,57945.0,55737.0,162680.0,210491.0,24480.0,32814.0,88672.0,48126.0,47338.0,338673.0,121603.0,122411.0,2344661.0
29519.0,230579.0,248795.0,599.0,12324.0,242902.0,248795.0,5295.0,66025.0,56645.0,160334.0,206203.0,25212.0,32690.0,88612.0,47578.0,46836.0,337453.0,123333.0,122624.0,2332352.0
27698.0,227122.0,245065.0,599.0,12033.0,239155.0,245065.0,5123.0,72776.0,56021.0,152748.0,194871.0,24548.0,31242.0,83855.0,44295.0,46333.0,320757.0,116728.0,120983.0,2267019.0
27473.0,213509.0,230377.0,601.0,10805.0,224314.0,230377.0,4881.0,76739.0,53400.0,146092.0,186208.0,24652.0,28956.0,85316.0,41576.0,44186.0,302338.0,117595.0,118700.0,2168095.0
24194.0,198773.0,214476.0,534.0,9573.0,208346.0,214476.0,4197.0,78886.0,49596.0,131072.0,165684.0,22423.0,25843.0,77962.0,37260.0,40823.0,268751.0,104977.0,106653.0,1984498.0
20051.0,175040.0,188868.0,451.0,7533.0,182572.0,188868.0,3585.0,79315.0,45414.0,114251.0,141435.0,19156.0,21553.0,66222.0,32173.0,36329.0,231187.0,85906.0,93870.0,1733777.0
18082.0,161084.0,173810.0,394.0,6285.0,167369.0,173810.0,3237.0,80332.0,42132.0,101279.0,122005.0,16709.0,18344.0,60829.0,28204.0,32915.0,201495.0,77252.0,86427.0,1571996.0
16404.0,152189.0,164212.0,369.0,5543.0,157732.0,164212.0,2905.0,80583.0,40838.0,95806.0,113673.0,15332.0,17009.0,55952.0,26650.0,31225.0,188315.0,69463.0,79031.0,1477443.0
15274.0,148565.0,160302.0,350.0,5283.0,153867.0,160302.0,2835.0,80869.0,39293.0,90063.0,105305.0,14439.0,15633.0,52480.0,24833.0,29564.0,175417.0,64244.0,75889.0,1414808.0
14852.0,144768.0,156205.0,338.0,5004.0,149772.0,156205.0,2828.0,81287.0,39186.0,86673.0,100519.0,14001.0,15325.0,51506.0,24511.0,28448.0,172541.0,60755.0,75013.0,1379736.0
14595.0,146929.0,158537.0,345.0,5211.0,152140.0,158537.0,2864.0,80587.0,39876.0,87607.0,101576.0,14305.0,15627.0,50554.0,24809.0,28703.0,176191.0,59625.0,75388.0,1394004.0
15592.0,157398.0,169833.0,365.0,5916.0,163314.0,169833.0,3085.0,78594.0,41416.0,93014.0,109138.0,15332.0,16343.0,52817.0,24974.0,30069.0,184606.0,65122.0,79649.0,1476409.0
17729.0,169589.0,182987.0,435.0,6784.0,176372.0,182987.0,3382.0,76102.0,45469.0,106413.0,126246.0,18143.0,19126.0,60075.0,27312.0,33375.0,207125.0,76078.0,89884.0,1625613.0
18569.0,180502.0,194762.0,476.0,7146.0,187648.0,194762.0,3614.0,75057.0,49105.0,118391.0,138193.0,19580.0,20406.0,63228.0,30456.0,35373.0,221588.0,79796.0,96860.0,1735514.0
19263.0,187998.0,202850.0,494.0,7312.0,195310.0,202850.0,3853.0,73189.0,51444.0,125175.0,146557.0,20041.0,21776.0,65879.0,31911.0,36134.0,227598.0,81537.0,101038.0,1802209.0
20859.0,196759.0,212303.0,514.0,7837.0,204595.0,212303.0,4227.0,71057.0,52982.0,135088.0,161767.0,21254.0,23672.0,70471.0,34906.0,38522.0,244834.0,87538.0,107277.0,1908764.0
22470.0,204668.0,220838.0,524.0,8364.0,213032.0,220838.0,4513.0,69128.0,54978.0,147223.0,180712.0,22006.0,26338.0,74703.0,37082.0,40454.0,259977.0,93501.0,110923.0,2012271.0
24629.0,211751.0,228479.0,528.0,9020.0,220771.0,228479.0,4806.0,66814.0,55102.0,156246.0,195416.0,22664.0,27972.0,81286.0,39522.0,42854.0,275959.0,100393.0,114755.0,2107448.0
26527.0,219086.0,236395.0,537.0,9804.0,228890.0,236395.0,4999.0,61405.0,55439.0,161726.0,205500.0,23425.0,29625.0,85571.0,41030.0,46224.0,286539.0,111092.0,116933.0,2187145.0
28637.0,226931.0,244859.0,549.0,10577.0,237508.0,244859.0,5121.0,52682.0,55776.0,167421.0,214901.0,24357.0,30771.0,90875.0,46886.0,46773.0,320671.0,116026.0,118025.0,2284206.0
30024.0,227441.0,245409.0,546.0,10792.0,238233.0,245409.0,5276.0,44854.0,56989.0,169320.0,218728.0,23557.0,31622.0,91738.0,45416.0,46874.0,311271.0,121327.0,118432.0,2283258.0
31029.0,233836.0,252310.0,554.0,11524.0,245361.0,252310.0,5369.0,41675.0,55996.0,166808.0,216597.0,23093.0,31000.0,91018.0,46135.0,47232.0,311582.0,121728.0,117003.0,2302160.0
32274.0,232190.0,250534.0,568.0,11739.0,243929.0,250534.0,5452.0,40124.0,55999.0,171178.0,225940.0,22832.0,31387.0,93311.0,47720.0,49246.0,323121.0,125462.0,116825.0,2330363.0
31613.0,235554.0,254163.0,589.0,12456.0,248009.0,254163.0,5399.0,45955.0,56287.0,167561.0,220804.0,23219.0,32682.0,92707.0,49293.0,48534.0,332164.0,125567.0,117373.0,2354091.0
31121.0,225949.0,243799.0,593.0,12194.0,238143.0,243799.0,5281.0,55905.0,57174.0,163942.0,213950.0,24158.0,34850.0,95216.0,49670.0,46584.0,339997.0,125335.0,118412.0,2326072.0
30307.0,223555.0,241217.0,600.0,12079.0,235634.0,241217.0,5011.0,65893.0,58597.0,150423.0,192612.0,24035.0,34654.0,92708.0,45566.0,46671.0,315507.0,122184.0,112005.0,2250475.0
29189.0,219537.0,236880.0,617.0,11712.0,231248.0,236880.0,5083.0,72082.0,58098.0,151110.0,193908.0,24320.0,33096.0,90679.0,45306.0,45908.0,315446.0,119294.0,114349.0,2234744.0
27428.0,207651.0,224056.0,627.0,10736.0,218386.0,224056.0,4917.0,75739.0,57363.0,146631.0,188587.0,24582.0,32147.0,86564.0,44431.0,45157.0,309267.0,116910.0,112955.0,2158191.0
22919.0,192761.0,207990.0,560.0,9559.0,202320.0,207990.0,4500.0,77181.0,52602.0,138729.0,178066.0,22315.0,28336.0,76048.0,40644.0,42333.0,282174.0,103240.0,106325.0,1996590.0
21276.0,176918.0,190894.0,492.0,8347.0,185264.0,190894.0,3942.0,77670.0,48673.0,131880.0,168174.0,19972.0,24618.0,72165.0,35706.0,38281.0,248370.0,93264.0,95116.0,1831916.0
17985.0,161516.0,174277.0,429.0,7015.0,168531.0,174277.0,3662.0,78534.0,45099.0,121056.0,151554.0,17613.0,21297.0,63068.0,31319.0,33759.0,217384.0,81885.0,89651.0,1659911.0
16646.0,154079.0,166252.0,402.0,6425.0,160504.0,166252.0,3356.0,79504.0,42455.0,109827.0,134768.0,16410.0,18830.0,59269.0,28298.0,31898.0,196067.0,73152.0,82871.0,1547267.0
15836.0,145768.0,157283.0,378.0,5788.0,151574.0,157283.0,3141.0,79666.0,41489.0,105759.0,128182.0,15323.0,17790.0,57054.0,27134.0,29909.0,187023.0,69690.0,77439.0,1473509.0
14825.0,143230.0,154545.0,370.0,5564.0,148793.0,154545.0,2908.0,79948.0,40234.0,103569.0,124761.0,15045.0,16591.0,54014.0,25556.0,29191.0,176632.0,65225.0,72852.0,1428399.0
14641.0,142358.0,153604.0,365.0,5469.0,147826.0,153604.0,2941.0,79488.0,39288.0,102716.0,123222.0,14761.0,15735.0,53679.0,25439.0,28938.0,175940.0,62284.0,73264.0,1415563.0
15033.0,141248.0,152407.0,391.0,5285.0,146533.0,152407.0,3087.0,79501.0,40622.0,102865.0,123124.0,15456.0,16132.0,54686.0,24495.0,28897.0,171592.0,64435.0,74435.0,1412632.0
15358.0,141935.0,153149.0,424.0,5441.0,147376.0,153149.0,3242.0,80454.0,40337.0,101718.0,121992.0,16232.0,16522.0,55681.0,25849.0,29107.0,180379.0,65980.0,77959.0,1432283.0
17156.0,150504.0,162394.0,494.0,6492.0,156996.0,162394.0,3559.0,79884.0,42493.0,112872.0,138492.0,18170.0,19227.0,60640.0,28946.0,31452.0,201103.0,74289.0,84809.0,1552368.0
20278.0,168513.0,181826.0,559.0,7870.0,176382.0,181826.0,4130.0,77023.0,46309.0,129280.0,162673.0,20365.0,22781.0,68553.0,34228.0,34940.0,230955.0,86484.0,95513.0,1750488.0
22519.0,184564.0,199145.0,594.0,9066.0,193630.0,199145.0,4582.0,74035.0,48963.0,142599.0,183570.0,21812.0,25891.0,74451.0,38776.0,38713.0,259686.0,97199.0,103071.0,1922011.0
25386.0,194072.0,209404.0,599.0,9741.0,203812.0,209404.0,4798.0,72280.0,51963.0,152631.0,200311.0,23147.0,29597.0,83072.0,41486.0,42608.0,279431.0,107384.0,105558.0,2046682.0
27295.0,198600.0,214290.0,596.0,10080.0,208679.0,214290.0,4938.0,70182.0,53707.0,161749.0,215517.0,23902.0,32901.0,88493.0,45137.0,45169.0,303720.0,118125.0,106858.0,2144228.0
29266.0,200852.0,216719.0,592.0,10431.0,211282.0,216719.0,5163.0,64465.0,54721.0,167367.0,224462.0,24306.0,35570.0,93917.0,46889.0,46683.0,315451.0,126642.0,110454.0,2201953.0
29803.0,203735.0,219831.0,583.0,10837.0,214572.0,219831.0,5160.0,56793.0,54202.0,167808.0,225648.0,23984.0,35678.0,94236.0,46916.0,48963.0,315394.0,127481.0,109101.0,2210556.0
30327.0,211052.0,227725.0,567.0,11619.0,222671.0,227725.0,5049.0,50915.0,54155.0,178633.0,243926.0,22911.0,35185.0,92556.0,47779.0,48648.0,320380.0,125277.0,105478.0,2262579.0
30220.0,197660.0,213276.0,578.0,10488.0,208147.0,213276.0,5087.0,50926.0,54662.0,175970.0,240489.0,23286.0,36222.0,90580.0,48423.0,48845.0,322568.0,122826.0,105267.0,2198797.0
31096.0,185661.0,200328.0,587.0,9494.0,195154.0,200328.0,5336.0,49797.0,54127.0,170746.0,231988.0,23324.0,36074.0,92271.0,44379.0,45255.0,299535.0,121927.0,109615.0,2107022.0
31963.0,188995.0,203925.0,615.0,9916.0,198911.0,203925.0,5562.0,51834.0,53944.0,165275.0,223435.0,24870.0,36722.0,95472.0,41124.0,44250.0,281134.0,123088.0,115559.0,2100521.0
29490.0,195213.0,210635.0,605.0,10728.0,205941.0,210635.0,5385.0,64687.0,53220.0,165008.0,222328.0,25446.0,36508.0,91797.0,40464.0,44859.0,278810.0,119804.0,115409.0,2126972.0
28519.0,194126.0,209463.0,599.0,10671.0,204797.0,209463.0,5203.0,71186.0,53627.0,165242.0,222280.0,24677.0,35322.0,88869.0,40826.0,44079.0,283519.0,116130.0,112167.0,2120764.0
28170.0,194139.0,209476.0,611.0,10682.0,204821.0,209476.0,5031.0,74523.0,53192.0,160908.0,216036.0,24868.0,33754.0,89081.0,40017.0,43353.0,280573.0,116832.0,109423.0,2104966.0
26319.0,191713.0,206859.0,615.0,10461.0,202174.0,206859.0,5106.0,76063.0,52718.0,156522.0,210660.0,24970.0,32742.0,84885.0,39173.0,42576.0,275240.0,114443.0,113692.0,2073789.0
23668.0,177535.0,191561.0,549.0,9245.0,186779.0,191561.0,4553.0,76671.0,49787.0,148687.0,199675.0,22515.0,29712.0,78724.0,36960.0,40754.0,258565.0,104514.0,104077.0,1936091.0
20594.0,160413.0,173086.0,466.0,7778.0,168191.0,173086.0,3974.0,76903.0,46358.0,132420.0,175244.0,19295.0,25871.0,70384.0,33466.0,36599.0,233228.0,91425.0,93084.0,1741864.0
17803.0,149693.0,161519.0,408.0,6791.0,156484.0,161519.0,3366.0,77751.0,43103.0,121456.0,158482.0,16798.0,22189.0,62480.0,29168.0,32818.0,203224.0,79416.0,81262.0,1585727.0
16329.0,140138.0,151209.0,381.0,5931.0,146069.0,151209.0,3078.0,77769.0,41678.0,113729.0,146454.0,15548.0,20335.0,58459.0,27276.0,29318.0,188807.0,70255.0,75157.0,1479130.0
15017.0,136082.0,146833.0,361.0,5576.0,141552.0,146833.0,2971.0,77799.0,39927.0,105431.0,133675.0,14586.0,18411.0,54504.0,26102.0,28126.0,179737.0,66810.0,72317.0,1412651.0
14975.0,131227.0,141594.0,354.0,5128.0,136355.0,141594.0,2824.0,77868.0,39630.0,99287.0,124512.0,14295.0,17806.0,54811.0,24486.0,27558.0,168815.0,62461.0,69720.0,1355301.0
14276.0,127180.0,137228.0,353.0,4767.0,131947.0,137228.0,2761.0,77564.0,38740.0,97746.0,122119.0,14213.0,16713.0,52582.0,24127.0,27207.0,166041.0,61292.0,68278.0,1322363.0
13718.0,125270.0,135166.0,347.0,4510.0,129780.0,135166.0,2807.0,78663.0,38830.0,90801.0,112299.0,13817.0,16231.0,49944.0,22912.0,27034.0,159429.0,58028.0,67757.0,1282509.0
14168.0,127884.0,137988.0,377.0,4789.0,132673.0,137988.0,2895.0,79937.0,38370.0,92244.0,113897.0,14584.0,16321.0,51543.0,24017.0,27509.0,165873.0,60541.0,69981.0,1313578.0
16641.0,140900.0,152031.0,464.0,6219.0,147118.0,152031.0,3313.0,78915.0,41657.0,101537.0,126211.0,17113.0,20091.0,59039.0,28322.0,30465.0,191943.0,70528.0,79239.0,1463779.0
20544.0,160543.0,173226.0,571.0,7958.0,168500.0,173226.0,4088.0,76785.0,45151.0,116645.0,148429.0,20688.0,24252.0,69917.0,33944.0,34854.0,225230.0,88296.0,92560.0,1685408.0
22545.0,173570.0,187283.0,602.0,9025.0,182595.0,187283.0,4456.0,73949.0,48043.0,130682.0,169641.0,22102.0,27530.0,74843.0,37970.0,36946.0,251179.0,97800.0,98079.0,1836122.0
23865.0,179779.0,193982.0,577.0,9319.0,189098.0,193982.0,4603.0,71725.0,48211.0,136382.0,179170.0,22439.0,28412.0,77812.0,38981.0,39380.0,262255.0,102864.0,99903.0,1902741.0
25875.0,186227.0,200940.0,569.0,9754.0,195981.0,200940.0,4824.0,69851.0,48790.0,144242.0,191475.0,23036.0,30158.0,83117.0,39440.0,41157.0,268926.0,108368.0,102644.0,1976312.0
27254.0,193747.0,209053.0,568.0,10394.0,204140.0,209053.0,5196.0,65712.0,48505.0,149695.0,199666.0,23610.0,30867.0,86533.0,41981.0,41785.0,286352.0,113597.0,110036.0,2057744.0
28424.0,197661.0,213276.0,574.0,10816.0,208477.0,213276.0,5186.0,58532.0,49783.0,154849.0,207644.0,24079.0,33245.0,89291.0,44619.0,43346.0,302781.0,118340.0,109527.0,2113729.0
29440.0,204669.0,220839.0,565.0,11512.0,216182.0,220839.0,5246.0,52354.0,49724.0,159918.0,215961.0,23639.0,32917.0,89429.0,45267.0,44426.0,307842.0,119488.0,109577.0,2159834.0
30829.0,207372.0,223755.0,562.0,11741.0,219113.0,223755.0,5261.0,48576.0,49713.0,166594.0,227592.0,23731.0,33000.0,90908.0,46750.0,44821.0,316948.0,122874.0,109224.0,2203117.0
31753.0,206997.0,223351.0,569.0,11744.0,218741.0,223351.0,5396.0,47083.0,50048.0,170125.0,234067.0,24138.0,33658.0,92185.0,47892.0,46453.0,325330.0,125118.0,111774.0,2229774.0
31856.0,207723.0,224134.0,581.0,11980.0,219703.0,224134.0,5522.0,50307.0,50819.0,175386.0,242628.0,24823.0,35337.0,93515.0,47102.0,47837.0,324044.0,130793.0,116598.0,2264820.0
32242.0,208884.0,225386.0,586.0,12412.0,221295.0,225386.0,5518.0,58110.0,52232.0,176566.0,242888.0,26297.0,37354.0,97979.0,48512.0,48136.0,338880.0,133649.0,120330.0,2312641.0
31617.0,206354.0,222657.0,587.0,12068.0,218422.0,222657.0,5383.0,67227.0,52128.0,173433.0,236757.0,25937.0,35113.0,96261.0,46130.0,44646.0,326963.0,127739.0,118391.0,2270472.0
27792.0,198390.0,214063.0,582.0,11125.0,209515.0,214063.0,4882.0,73908.0,51946.0,154817.0,208420.0,24041.0,33685.0,85965.0,42853.0,44179.0,309763.0,116979.0,108882.0,2135851.0
26575.0,190594.0,205651.0,569.0,10200.0,200793.0,205651.0,4490.0,76270.0,49971.0,143038.0,192020.0,23281.0,31000.0,83850.0,38607.0,42120.0,281333.0,112908.0,103527.0,2022448.0
23042.0,174541.0,188331.0,482.0,8562.0,183104.0,188331.0,3727.0,77180.0,45584.0,127707.0,170453.0,20164.0,26482.0,73889.0,34538.0,38835.0,249524.0,96703.0,91187.0,1822366.0
19916.0,154294.0,166484.0,413.0,6631.0,160925.0,166484.0,3080.0,77937.0,43300.0,107602.0,140929.0,17583.0,23328.0,64646.0,29653.0,34015.0,213292.0,79101.0,78441.0,1588054.0
17328.0,141992.0,153209.0,354.0,5508.0,147499.0,153209.0,2579.0,78689.0,39391.0,101464.0,131059.0,15001.0,19086.0,57384.0,25838.0,30944.0,185011.0,68060.0,68701.0,1442307.0
15733.0,134839.0,145491.0,330.0,4879.0,139718.0,145491.0,2449.0,78762.0,37641.0,92411.0,117401.0,13759.0,16915.0,52733.0,24399.0,28246.0,173388.0,61068.0,65929.0,1351579.0
14670.0,130085.0,140362.0,316.0,4495.0,134596.0,140362.0,2357.0,79176.0,36356.0,83736.0,104687.0,13148.0,15449.0,49576.0,22118.0,28037.0,158009.0,58680.0,63832.0,1280047.0
14287.0,129947.0,140213.0,314.0,4456.0,134404.0,140213.0,2352.0,78940.0,35509.0,83025.0,102930.0,13106.0,14543.0,48861.0,21803.0,27780.0,155819.0,55826.0,63483.0,1267810.0
14134.0,133345.0,143880.0,320.0,4715.0,138061.0,143880.0,2466.0,78726.0,35587.0,83604.0,103319.0,13286.0,14470.0,48356.0,21563.0,27297.0,156865.0,55533.0,65513.0,1284920.0
14921.0,140426.0,151520.0,338.0,5185.0,145611.0,151520.0,2784.0,76857.0,39275.0,87164.0,107794.0,14409.0,16144.0,49580.0,22052.0,29325.0,167505.0,61450.0,72115.0,1355974.0
17154.0,158341.0,170850.0,415.0,6382.0,164722.0,170850.0,3105.0,73343.0,42336.0,103893.0,127243.0,17362.0,18109.0,57582.0,25344.0,33221.0,196149.0,72927.0,83189.0,1542517.0
18182.0,172271.0,185881.0,457.0,6785.0,179057.0,185881.0,3297.0,72413.0,47577.0,119844.0,142478.0,19011.0,20487.0,61778.0,28402.0,34719.0,211458.0,77961.0,89770.0,1677710.0
19548.0,183214.0,197689.0,482.0,7096.0,190310.0,197689.0,3455.0,71289.0,50230.0,126287.0,149575.0,19357.0,22295.0,66556.0,31810.0,36309.0,226245.0,80739.0,92017.0,1772193.0
21853.0,193103.0,208359.0,510.0,7721.0,200823.0,208359.0,3752.0,70644.0,52870.0,134517.0,162095.0,20553.0,25185.0,73511.0,34251.0,38534.0,242401.0,87935.0,97212.0,1884185.0
23687.0,201701.0,217636.0,515.0,8290.0,209991.0,217636.0,4057.0,69703.0,55238.0,147779.0,182119.0,21381.0,28477.0,79065.0,37620.0,40833.0,264847.0,95153.0,101982.0,2007709.0
24924.0,209472.0,226021.0,513.0,8927.0,218399.0,226021.0,4282.0,67261.0,55679.0,149785.0,185446.0,21534.0,30524.0,82580.0,40181.0,43468.0,282767.0,99722.0,105324.0,2082829.0
25461.0,213762.0,230649.0,514.0,9403.0,223164.0,230649.0,4400.0,63492.0,56344.0,154483.0,194266.0,22045.0,32216.0,82376.0,40277.0,44970.0,285586.0,106826.0,106537.0,2127422.0
25928.0,214841.0,231814.0,509.0,9474.0,224315.0,231814.0,4492.0,57630.0,56826.0,156530.0,195790.0,22364.0,33490.0,83338.0,39048.0,45345.0,281132.0,104442.0,108151.0,2127273.0
26163.0,211467.0,228173.0,506.0,9273.0,220740.0,228173.0,4607.0,54630.0,56007.0,162400.0,205098.0,22022.0,31903.0,81643.0,37252.0,43393.0,271433.0,105985.0,108401.0,2109270.0
26093.0,216839.0,233969.0,490.0,9869.0,226708.0,233969.0,4685.0,55121.0,52869.0,165004.0,210513.0,20939.0,28469.0,79458.0,37775.0,42021.0,273698.0,100756.0,107718.0,2126963.0
27198.0,220091.0,237479.0,510.0,10527.0,230618.0,237479.0,4813.0,54427.0,52254.0,168534.0,219790.0,21126.0,28082.0,81315.0,40812.0,43189.0,292638.0,105238.0,109024.0,2185141.0
26968.0,221013.0,238473.0,554.0,11000.0,232013.0,238473.0,5031.0,58429.0,52086.0,166386.0,217870.0,22166.0,28938.0,79958.0,42291.0,45038.0,299690.0,109228.0,114642.0,2210245.0
27737.0,215544.0,232573.0,573.0,11003.0,226547.0,232573.0,5110.0,62405.0,53027.0,164490.0,214074.0,24334.0,31405.0,84604.0,44502.0,46810.0,318386.0,117191.0,119606.0,2232494.0
27878.0,215880.0,232935.0,573.0,11151.0,227031.0,232935.0,5019.0,68298.0,53595.0,157136.0,202720.0,23737.0,31147.0,83616.0,42155.0,45232.0,307954.0,113689.0,116721.0,2199402.0
26900.0,212419.0,229200.0,570.0,10852.0,223271.0,229200.0,4859.0,74278.0,55083.0,152864.0,196872.0,22994.0,31783.0,81139.0,39956.0,44513.0,297351.0,106420.0,114536.0,2155061.0
24876.0,198544.0,214230.0,551.0,9604.0,208148.0,214230.0,4320.0,78084.0,52469.0,141075.0,180645.0,22490.0,29349.0,77427.0,37367.0,42431.0,278515.0,100171.0,107361.0,2021884.0
21714.0,179536.0,193719.0,471.0,7927.0,187463.0,193719.0,3536.0,79746.0,47348.0,129747.0,165153.0,19861.0,24867.0,70647.0,32206.0,38860.0,238395.0,91445.0,94342.0,1820705.0
18020.0,161171.0,173903.0,389.0,6341.0,167512.0,173903.0,3002.0,80608.0,44464.0,112821.0,140349.0,16538.0,21534.0,59917.0,27516.0,34609.0,203476.0,74506.0,82934.0,1603514.0
